Артикул,Название,Ссылка,Цена
код 016.028,Электролобзик BOSCH PST 800 PEL ,https://7745.by/product/016028,"-8%


306,78 р.




282,24 р."
код 693.674,Электролобзик WORTEX JS 6506-2 E,https://7745.by/product/elektrolobzik-wortex-js-6506-2-e,"138,80 р."
код 463.369,Лобзик аккумуляторный WORTEX CJS 6529,https://7745.by/product/lobzik-akkumulyatornyi-wortex-cjs-6529,"180,70–343,70 р."
код 510.026,Электролобзик DEWALT DWE349 ,https://7745.by/product/510026,"-14%


343,00 р.




294,00 р."
код 049.094,Электролобзик ФИОЛЕНТ ПМ5-750 Э М ,https://7745.by/product/049094,"163,80 р."
код 016.041,Электролобзик ФИОЛЕНТ ПМ5-720Э,https://7745.by/product/elektrolobzik-fiolent-pm5-720e,"129,40–134,40 р."
код 117.167,Электролобзик WORTEX JS 6506-2 LE,https://7745.by/product/elektrolobzik-wortex-js-6506-2-le,"152,00 р."
код 117.168,Электролобзик WORTEX JS 8008-2 LE,https://7745.by/product/elektrolobzik-wortex-js-8008-2-le,"168,30–485,90 р."
код 016.016,Электролобзик MAKITA 4329,https://7745.by/product/elektrolobzik-makita-4329,"241,15–421,98 р."
код 117.165,Электролобзик WORTEX JS 1009-2 LE,https://7745.by/product/elektrolobzik-wortex-js-1009-2-le,"200,30 р."
код 016.040,Электролобзик ФИОЛЕНТ ПМ4-700Э ,https://7745.by/product/016040,"125,40 р."
код 074.801,Электролобзик MAKITA JV 0600 K ,https://7745.by/product/074801,"450,74 р."
код 179.182,Электролобзик BOSCH PST 650 ,https://7745.by/product/179182,"212,01 р."
код 189.303,Электролобзик BOSCH GST 700 Professional ,https://7745.by/product/189303,"313,04 р."
код 016.015,Электролобзик MAKITA 4327 ,https://7745.by/product/016015,"238,00 р."
код 078.751,Лобзик аккумуляторный BOSCH GST 12V-70 Professional,https://7745.by/product/lobzik-akkumulyatornyi-bosch-gst-12v-70-professional,"454,73–703,22 р."
код 461.046,Электролобзик MOLOT MJS 6006,https://7745.by/product/elektrolobzik-molot-mjs-6006,"94,70 р."
код 016.014,Электролобзик MAKITA 4326 ,https://7745.by/product/016014,"223,99 р."
код 445.028,Электролобзик WORTEX JS 9008 LE,https://7745.by/product/elektrolobzik-wortex-js-9008-le,"162,50 р."
код 120.998,Электролобзик MAKITA 4351,https://7745.by/product/elektrolobzik-makita-4351,"641,00–674,86 р."
код 474.643,Электролобзик BULL ST 1301 ,https://7745.by/product/474643,"279,00 р."
код 461.000,Электролобзик WORTEX JS 7008 LE,https://7745.by/product/elektrolobzik-wortex-js-7008-le,"149,30 р."
код 016.005,Электролобзик BOSCH GST 150 BCE,https://7745.by/product/elektrolobzik-bosch-gst-150-bce,"815,58–926,90 р."
код 026.616,Электролобзик BOSCH GST 90 E,https://7745.by/product/elektrolobzik-bosch-gst-90-e,"490,14 р."
код 540.423,Электролобзик BOSCH NanoBlade EasyCut 50 ,https://7745.by/product/540423,"373,91 р."
код 209.744,Лобзик аккумуляторный MAKITA JV 102 DZ ,https://7745.by/product/209744,"564,04 р."
код 292.399,Лобзик аккумуляторный MAKITA DJV 181,https://7745.by/product/lobzik-akkumulyatornyi-makita-djv-181,"914,00 р."
код 497.623,Электролобзик WORTEX JS 6507,https://7745.by/product/elektrolobzik-wortex-js-6507,"158,70–271,40 р."
код 030.798,Электролобзик BOSCH GST 150 CE Professional ,https://7745.by/product/030798,"960,31 р."
код 700.594,Электролобзик BULL ST 6501 ,https://7745.by/product/700594,"239,00 р."
код 016.039,Электролобзик ФИОЛЕНТ ПМ3-650Э ,https://7745.by/product/016039,"105,60 р."
код 110.762,Электролобзик MOLOT MJS 5505,https://7745.by/product/elektrolobzik-molot-mjs-5505,"87,00 р."
код 154.343,Электролобзик METABO STE 100 Quick,https://7745.by/product/elektrolobzik-metabo-ste-100-quick,"474,00 р."
код 154.345,Электролобзик METABO STEB 65 Quick,https://7745.by/product/elektrolobzik-metabo-steb-65-quick,"316,26–337,20 р."
код 067.699,Электролобзик AEG POWERTOOLS STEP 100 X ,https://7745.by/product/067699,"342,78 р."
код 381.870,Электролобзик STANLEY SJ60 ,https://7745.by/product/381870,"190,70 р."
код 048.993,Электролобзик BOSCH GST 8000 E Professional ,https://7745.by/product/048993,"-8%


333,85 р.




307,15 р."
код 016.012,Электролобзик BOSCH GST 90 BЕ,https://7745.by/product/elektrolobzik-bosch-gst-90-be,"-8%


446,48 р.




410,77 р."
код 226.282,Лобзик аккумуляторный METABO STAB 18 LTX 100,https://7745.by/product/lobzik-akkumulyatornyi-metabo-stab-18-ltx-100,"700,00–1 620,25 р."
код 085.602,Электролобзик BOSCH PST 900 РEL,https://7745.by/product/elektrolobzik-bosch-pst-900-rel,"395,44 р."
код 016.022,Электролобзик BOSCH PST 700 E ,https://7745.by/product/016022,"246,18 р."
код 016.017,Электролобзик MAKITA 4350,https://7745.by/product/elektrolobzik-makita-4350,"471,78–604,49 р."
код 110.763,Электролобзик MOLOT MJS 6506 E,https://7745.by/product/elektrolobzik-molot-mjs-6506-e,"111,90 р."
код 016.027,Электролобзик BOSCH PST 750 PE,https://7745.by/product/elektrolobzik-bosch-pst-750-pe,"254,48 р."
код 078.752,Лобзик аккумуляторный BOSCH GST 18 V-LI B Professional,https://7745.by/product/lobzik-akkumulyatornyi-bosch-gst-18-v-li-b-professional,"761,55 р."
код 396.491,Электролобзик ФИОЛЕНТ ПМ 7-720 Э ,https://7745.by/product/396491,"221,30 р."
код 451.665,Электролобзик MAKITA MT M 4301 ,https://7745.by/product/451665,"184,42 р."
код 016.006,Электролобзик BOSCH GST 160 BCE,https://7745.by/product/elektrolobzik-bosch-gst-160-bce,"1 096,19 р."
код 016.002,Электролобзик BOSCH GST 1400 BCE Professional ,https://7745.by/product/016002,"1 115,87 р."
код 106.903,Электролобзик BOSCH GST 160 CE Professional ,https://7745.by/product/106903,"1 483,87 р."
код 016.008,Электролобзик BOSCH GST 25 M Professional ,https://7745.by/product/016008,"794,09 р."
код 540.359,Электролобзик BOSCH AdvancedCut 50 NanoBlade ,https://7745.by/product/540359,"563,84 р."
код 010.700,Пила ленточная аккумуляторная BOSCH GCB 18 V-Li Professional ,https://7745.by/product/010700,"1 171,92 р."
код 405.625,Лобзик аккумуляторный BOSCH PST 18 LI ,https://7745.by/product/405625,"312,90 р."
код 167.332,Лобзик аккумуляторный BOSCH GST 18 V-LI S Professional,https://7745.by/product/lobzik-akkumulyatornyi-bosch-gst-18-v-li-s-professional,"638,80 р."
код 534.904,Лобзик аккумуляторный MILWAUKEE M18 FBJS-0X FUEL ,https://7745.by/product/534904,"1 630,19 р."
код 534.969,Лобзик аккумуляторный MILWAUKEE M12 JS-0 ,https://7745.by/product/534969,"794,22 р."
код 535.039,Пила ленточная аккумуляторная MILWAUKEE M12 BS-0 ,https://7745.by/product/535039,"851,19 р."
код 535.124,Пила ленточная аккумуляторная MILWAUKEE M18 CBS125,https://7745.by/product/pila-lentochnaya-akkumulyatornaya-milwaukee-m18-cbs125,"3 089,38 р."
код 234.771,Электролобзик DAEWOO POWER DAJ 550 ,https://7745.by/product/234771,"141,42 р."
код 447.705,Электролобзик HAMMER FLEX LZK790L ,https://7745.by/product/447705,"161,10 р."
код 154.445,Лобзиковый станок EINHELL TC-SS 405 E ,https://7745.by/product/154445,"460,00 р."
код 234.772,Электролобзик DAEWOO POWER DAJ 750 ,https://7745.by/product/234772,"169,80 р."
код 234.773,Электролобзик DAEWOO POWER DAJ 850 ,https://7745.by/product/234773,"212,40 р."
код 437.657,Электролобзик WORX WX478.1,https://7745.by/product/437657,"342,76 р."
код 154.529,Электролобзик EINHELL TH-JS 85 ,https://7745.by/product/154529,"267,00 р."
код 147.217,Электролобзик PATRIOT LS750 ,https://7745.by/product/147217,"158,00 р."
код 527.860,Электролобзик PATRIOT LS 902,https://7745.by/product/527860,"192,90 р."
код 067.700,Электролобзик AEG POWERTOOLS STEP 1200 XE ,https://7745.by/product/067700,"671,34 р."
код 154.348,Электролобзик METABO STEB 80 Quick ,https://7745.by/product/154348,"470,00 р."
код 331.709,Электролобзик METABO STE 140 Plus ,https://7745.by/product/331709,"990,00 р."
код 368.231,Электролобзик DWT STS06-85 DV,https://7745.by/product/368231,"250,00 р."
код 346.009,Электролобзик PATRIOT LS 710,https://7745.by/product/346009,"179,00 р."
код 381.943,Электролобзик STANLEY SJ45 ,https://7745.by/product/381943,"161,26 р."
код 424.765,Электролобзик DWT STS07-120 TV,https://7745.by/product/424765,"288,00 р."
код 424.772,Электролобзик DWT STS07-100 DV,https://7745.by/product/424772,"276,00 р."
код 154.347,Электролобзик METABO STEB 70 Quick,https://7745.by/product/elektrolobzik-metabo-steb-70-quick,"450,00–511,92 р."
код 160.073,Электролобзик EINHELL TC-JS 80/1,https://7745.by/product/elektrolobzik-einhell-tc-js-80-1,"180,00–198,00 р."
код 067.697,Электролобзик AEG POWERTOOLS PST 500 X ,https://7745.by/product/067697,"392,64 р."
код 154.344,Электролобзик METABO STEB 140 ,https://7745.by/product/154344,"1 212,37 р."
код 182.631,Электролобзик WPS-850 ,https://7745.by/product/182631,"158,00 р."
код 067.698,Электролобзик AEG POWERTOOLS ST 800 XE ,https://7745.by/product/067698,"544,68 р."
код 478.597,Электролобзик DWT STS 04-65 DV ,https://7745.by/product/478597,"164,00 р."
код 368.635,Электролобзик AEG POWERTOOLS STEP 1200 BX ,https://7745.by/product/368635,"632,70 р."
код 406.653,Электролобзик EINHELL TE-JS 100 ,https://7745.by/product/406653,"335,00 р."
код 067.708,Лобзик аккумуляторный AEG POWERTOOLS BST 18X-0 ,https://7745.by/product/067708,"356,22 р."
код 381.850,Лобзик аккумуляторный DEWALT DCS334N ,https://7745.by/product/381850,"808,28 р."
код 509.969,Лобзик аккумуляторный STANLEY STSC1860 ,https://7745.by/product/509969,"319,52 р."
код 437.756,Лобзик аккумуляторный WORX WX543,https://7745.by/product/437756,"637,32 р."
код 016.038,Электролобзик ФИОЛЕНТ ПМ3-600Э ,https://7745.by/product/016038,"110,20 р."
код 090.982,Лобзик аккумуляторный MAKITA JV 101 DWAE ,https://7745.by/product/090982,"757,00 р."
код 221.522,Лобзик аккумуляторный MAKITA DJV 182 Z ,https://7745.by/product/221522,"855,01 р."
код 700.538,Электролобзик WORTEX JS 8008-1 ,https://7745.by/product/700538,Идётформированиецены
код 416.308,Электролобзик ФИОЛЕНТ ПМ 6-700 Э ,https://7745.by/product/416308,"174,20 р."
